eigenValues,
0.656532,
-1.62315,
0.966618,
