eigenValues,
-2.96239,
-1.96852,
-1.39943,
-0.851335,
-0.767581,
-0.262689,
0.519815,
1.28262,
1.53869,
4.87082,
