eigenValues,
-1.00001,
2.07155e-05,
0.99999,
