eigenValues,
-2.63732,
-1.88438,
-1.66653,
-1,
-1,
-0.211608,
0.417672,
0.810792,
2.5548,
4.61657,
