eigenValues,
-4.48723,
-3.44793,
-3.11069,
-2.43742,
-2.09082,
-2,
-1.68769,
-1.44407,
-1.19242,
-1.04209,
-0.792407,
-0.418819,
-2.00369e-12,
-3.5377e-13,
4.17863e-13,
7.32853e-13,
9.76821e-13,
1.0757e-12,
1.42928e-12,
1.88297e-12,
1.89512e-12,
4.05778e-12,
0.299411,
0.419729,
0.615841,
0.834304,
1.03145,
1.08329,
1.45306,
1.48616,
2.30909,
2.91651,
4.97707,
6.7257,
