eigenValues,
-4.48724,
-3.44793,
-3.11069,
-2.43743,
-2.09082,
-2,
-1.68769,
-1.44408,
-1.19242,
-1.04209,
-0.792408,
-0.418819,
8.35001e-07,
8.35919e-07,
1.24072e-06,
1.54626e-06,
1.93591e-06,
1.97429e-06,
2.87722e-06,
3.89717e-06,
4.30678e-06,
7.66423e-06,
0.299411,
0.419729,
0.61584,
0.834304,
1.03145,
1.08329,
1.45308,
1.48614,
2.30909,
2.9165,
4.97708,
6.72569,
