eigenValues,
-4.49403,
-3.44794,
-3.11069,
-2.43956,
-2.09257,
-2.00007,
-1.68769,
-1.44645,
-1.1927,
-1.04309,
-0.793905,
-0.34467,
-0.122388,
0.00123373,
0.0015607,
0.0019708,
0.00228606,
0.00288647,
0.00342838,
0.00399074,
0.00405094,
0.00765559,
0.299411,
0.46699,
0.615618,
0.833601,
1.03087,
1.08234,
1.45548,
1.48123,
2.30745,
2.91471,
4.97548,
6.72233,
