eigenValues,
6.7257,
4.97707,
-4.48723,
-3.44793,
-3.11069,
2.91651,
-2.43742,
2.30909,
-2.09082,
-2,
-1.68769,
1.48616,
1.45306,
-1.44407,
-1.19242,
1.08329,
-1.04209,
1.03145,
0.834304,
-0.792407,
0.615841,
0.419729,
-0.418819,
0.299411,
6.06615e-15,
3.66887e-15,
-2.05896e-15,
1.61031e-15,
-1.43501e-15,
1.3248e-15,
1.04821e-15,
-9.36747e-16,
-8.77077e-16,
-7.76437e-16,
