eigenValues,
-3.19629e-05,
0.468526,
0.909254,
1.12503,
1.25939,
1.59931,
1.76196,
1.82602,
1.95586,
1.99983,
1.99983,
1.99983,
1.99984,
1.99985,
2.48712,
2.74918,
3.01404,
3.24212,
3.37624,
3.38199,
3.47195,
4.27603,
4.48025,
4.58044,
5.37881,
5.61788,
6.3318,
6.51544,
6.99607,
9.77738,
10.921,
13.3062,
17.0556,
18.1362,
